{"Player vs. Player": {"alltime": 70.52538776397705, "times": [2.2843854427337646, 3.7788610458374023, 4.079720973968506, 4.434540033340454, 5.239323616027832, 5.380616903305054, 5.62613844871521, 5.825799942016602, 5.993387699127197, 6.124216079711914, 6.182080984115601, 6.320984601974487, 6.4597718715667725, 6.5602569580078125, 6.980191469192505, 7.328306198120117, 7.56766152381897, 7.760661363601685, 8.01419711112976, 9.146847009658813, 9.32936692237854, 9.410524606704712, 9.677977800369263, 9.913061618804932, 12.169883251190186, 12.35430908203125, 12.853722095489502, 13.036112308502197, 13.345137357711792, 13.52699327468872, 13.689394474029541, 13.863414764404297, 13.916911602020264, 14.106818675994873, 14.303537130355835, 14.417116641998291, 14.613393545150757, 15.127249002456665, 15.273011922836304, 15.523221969604492, 15.72394871711731, 15.884817361831665, 16.20777463912964, 16.33689522743225, 16.826128005981445, 17.30371117591858, 17.474838495254517, 17.560676336288452, 17.657670497894287, 17.754308700561523, 17.887035608291626, 17.914554834365845, 18.18714690208435, 18.36564064025879, 18.5305392742157, 18.727152585983276, 18.900540351867676, 19.107295513153076, 19.356969356536865, 19.649080753326416, 19.698323249816895, 19.804062843322754, 20.014803409576416, 20.716203212738037, 20.93351173400879, 21.05458641052246, 21.64566421508789, 21.75162625312805, 21.9468514919281, 22.136801719665527, 22.251646518707275, 22.39967441558838, 22.45914077758789, 22.69455337524414, 22.7962589263916, 23.570640802383423, 23.77499222755432, 24.268097639083862, 24.754663228988647, 24.956419944763184, 25.1378231048584, 25.455496788024902, 25.504501819610596, 25.662132501602173, 26.25281572341919, 26.50996446609497, 26.702417612075806, 26.80282950401306, 26.99881148338318, 27.047746658325195, 27.285212516784668, 27.4563467502594, 27.583360195159912, 27.65996527671814, 27.794638633728027, 27.922914505004883, 28.040578842163086, 28.321808576583862, 28.54688858985901, 28.758341312408447, 29.279179573059082, 29.54682230949402, 29.804328680038452, 30.002532482147217, 30.23966670036316, 31.444386959075928, 31.6092791557312, 31.719719648361206, 31.957152366638184, 32.19485545158386, 32.27524995803833, 32.37203025817871, 32.540077924728394, 32.642353773117065, 32.78065228462219, 32.92658281326294, 33.01846265792847, 33.11395215988159, 33.28540015220642, 33.455925703048706, 33.529869556427, 33.760640144348145, 33.933959007263184, 34.09338974952698, 34.295161485672, 34.5230348110199, 34.75586676597595, 34.94453310966492, 35.08007192611694, 35.29489827156067, 35.40024471282959, 35.46788787841797, 35.651975870132446, 36.34110116958618, 37.072842597961426, 37.25747895240784, 37.46909284591675, 37.61925387382507, 37.77083420753479, 37.79279017448425, 37.8893837928772, 38.06584811210632, 38.242576360702515, 38.41529870033264, 38.78308653831482, 38.97937512397766, 40.15371370315552, 40.29292559623718, 40.41643214225769, 40.496729612350464, 40.897905588150024, 40.97193455696106, 61.437347412109375, 61.57430076599121, 61.871071100234985, 62.15001821517944, 62.415841817855835, 62.57822251319885, 62.74503040313721, 62.921985149383545, 63.198100328445435, 63.576287508010864, 64.08244156837463, 64.35801076889038, 64.49281525611877, 64.61812043190002, 64.69126844406128, 64.97782850265503, 65.20620059967041, 65.4058530330658, 65.61117911338806, 65.91514325141907, 66.09922504425049, 66.28272867202759, 66.44987344741821, 66.63772797584534, 66.69514393806458, 67.07857251167297, 67.24033451080322, 67.4237117767334, 67.62824392318726, 67.815598487854, 67.99315428733826, 68.20210599899292, 68.3117733001709, 68.60197591781616, 68.76226353645325, 68.814932346344, 68.98021578788757, 69.11250591278076, 69.29790997505188, 69.35681295394897, 69.48560166358948, 69.773681640625, 69.89027643203735, 70.05263590812683, 70.24160265922546, 70.39704942703247, 70.52538061141968]}, "Kekw vs. Kekw": {"alltime": 46.22288203239441, "times": [1.0420796871185303, 1.152409553527832, 1.2462563514709473, 1.415086269378662, 1.4984869956970215, 1.613290786743164, 1.8016176223754883, 1.9862661361694336, 2.1345534324645996, 2.2946035861968994, 2.3372247219085693, 2.459378242492676, 2.582963466644287, 2.741006851196289, 5.663885831832886, 5.771149635314941, 6.472113132476807, 6.767456769943237, 7.101353168487549, 7.1932666301727295, 7.3438026905059814, 7.417985200881958, 7.920504331588745, 8.15226125717163, 8.400634527206421, 8.563551902770996, 8.616450071334839, 8.774798393249512, 9.215420484542847, 9.446436882019043, 9.573755502700806, 9.754762887954712, 9.803068161010742, 9.915013551712036, 10.133108854293823, 10.19996452331543, 10.471166372299194, 10.513781785964966, 10.735683679580688, 10.893192529678345, 11.047647476196289, 11.240194082260132, 11.320589303970337, 11.374649286270142, 11.526190519332886, 11.621925115585327, 11.792000532150269, 11.881406784057617, 11.955851078033447, 12.067390203475952, 12.18430757522583, 12.285939693450928, 12.500582456588745, 12.62495231628418, 12.806297779083252, 12.960564613342285, 13.161004781723022, 13.393963098526001, 13.539170265197754, 13.73281455039978, 13.817504644393921, 13.891554832458496, 14.112019538879395, 14.301068305969238, 14.446674585342407, 14.54212236404419, 15.224006175994873, 15.288808584213257, 15.417038202285767, 15.622769832611084, 15.686419486999512, 15.815017700195312, 15.916438102722168, 16.164151191711426, 16.265747547149658, 16.712791681289673, 16.862515687942505, 16.962985038757324, 17.192601442337036, 17.543221950531006, 18.21321702003479, 18.509206295013428, 18.569825410842896, 18.699735641479492, 18.864525079727173, 19.05096960067749, 21.309791564941406, 21.58843493461609, 21.78676748275757, 21.88859462738037, 22.144157886505127, 22.306191444396973, 22.405324935913086, 22.735849857330322, 23.089998722076416, 23.28340172767639, 23.386749029159546, 23.937955856323242, 24.100109815597534, 24.268324375152588, 24.376163005828857, 24.590914964675903, 24.84318971633911, 25.121801376342773, 25.31439208984375, 26.3083553314209, 26.487297534942627, 26.58008909225464, 26.6821391582489, 26.869757175445557, 26.908784866333008, 27.080479860305786, 27.681952238082886, 27.82799744606018, 28.230838775634766, 28.41988515853882, 28.493966579437256, 28.575464010238647, 28.688220500946045, 28.79507827758789, 28.82166361808777, 29.05180287361145, 29.224451541900635, 29.36885929107666, 29.582722902297974, 29.75373601913452, 30.011491298675537, 30.483869791030884, 30.634082794189453, 31.115525007247925, 31.217981100082397, 31.331674098968506, 31.810778617858887, 32.04663920402527, 32.128140926361084, 32.35360765457153, 32.53707718849182, 32.65541648864746, 32.807355642318726, 32.82398843765259, 32.97014284133911, 33.109615325927734, 33.30856370925903, 33.46295213699341, 33.549983501434326, 33.79914307594299, 34.68992829322815, 34.8474006652832, 34.96872925758362, 35.251715421676636, 35.44264817237854, 35.53368020057678, 35.57682728767395, 35.78261685371399, 36.15177822113037, 36.446943521499634, 36.715283155441284, 36.90169024467468, 37.09552717208862, 37.229323625564575, 37.39898920059204, 37.58064246177673, 37.97934675216675, 38.98301124572754, 39.07881712913513, 39.26845717430115, 39.31047558784485, 39.543057441711426, 39.764705657958984, 39.98541975021362, 40.134239196777344, 40.3476824760437, 40.49346876144409, 40.8273606300354, 40.94651412963867, 41.23076629638672, 41.755122900009155, 41.92959260940552, 42.004024267196655, 42.218324422836304, 42.41040062904358, 42.73098111152649, 42.91836929321289, 43.072630882263184, 43.15838885307312, 43.86431527137756, 43.97971510887146, 44.07427954673767, 44.249231815338135, 44.30268311500549, 44.464597940444946, 44.58694124221802, 44.79144644737244, 45.04925608634949, 45.123971939086914, 45.27519226074219, 45.46297097206116, 45.59635591506958, 46.22287344932556]}}